<botcomponent schemaname="Default_finBot.topic.httpswwwbloombergcomasia_zeUq5brhBkmMb8bWzy2rh">
  <componenttype>16</componenttype>
  <description>This knowledge source searches information on the web found in https://www.bloomberg.com/asia website</description>
  <iscustomizable>0</iscustomizable>
  <name>https://www.bloomberg.com/asia</name>
  <parentbotid>
    <schemaname>Default_finBot</schemaname>
  </parentbotid>
  <statecode>0</statecode>
  <statuscode>1</statuscode>
</botcomponent>