<botcomponent schemaname="Default_finBot.topic.httpsfinancialservicesgovin_dkZCmsXeSh0_F6HT4Pkjl">
  <componenttype>16</componenttype>
  <description>This knowledge source searches information on the web found in https://financialservices.gov.in website</description>
  <iscustomizable>0</iscustomizable>
  <name>https://financialservices.gov.in</name>
  <parentbotid>
    <schemaname>Default_finBot</schemaname>
  </parentbotid>
  <statecode>0</statecode>
  <statuscode>1</statuscode>
</botcomponent>