<botcomponent schemaname="Default_finBot.topic.httpswwwbusinessresearchguidecom100greatwebsitesforbankersandfinanceprofession_">
  <componenttype>16</componenttype>
  <description>This knowledge source searches information on the web found in https://www.businessresearchguide.com/100-great-websites-for-bankers-and-finance-professionals/ website</description>
  <iscustomizable>0</iscustomizable>
  <name>https://www.businessresearchguide.com/100-great-websites-for-bankers-and-finance-professionals/</name>
  <parentbotid>
    <schemaname>Default_finBot</schemaname>
  </parentbotid>
  <statecode>0</statecode>
  <statuscode>1</statuscode>
</botcomponent>